"","Party","2014 Percent","median","lowr","upr"
"1","ACT",0.0069,0.00268322524886196,0.000706030188025798,0.00797460561111171
"2","Conservative Party",0.0399,0.0013584690526259,0.000103416404245466,0.0111982555617095
"3","Green Party",0.107,0.110470829901701,0.0907408097156733,0.132091226373344
"4","Labour Party",0.2513,0.308447836203098,0.263548819833521,0.355128586998189
"5","Mana",0.0142,0.00390098374187607,0.000434358492407001,0.0279286802074289
"6","Maori Party",0.0132,0.0147125939438945,0.00796023345535586,0.0243510009241873
"7","National Party",0.4704,0.412867792006219,0.35701143962492,0.465785373746236
"8","New Zealand First Party",0.0866,0.112013321684772,0.0550556729695192,0.201120892745804
"9","United Future",0.0022,0.000705752102766251,5.96515071716189e-05,0.00509009129918116
