"","Party","2014 Percent","median","lowr","upr"
"1","ACT",0.0069,0.00092831704676675,2.22215487952234e-05,0.00606695645640741
"2","Conservative Party",0.0399,0.0039397660740369,5.35573087088502e-05,0.0949921685965597
"3","Green Party",0.107,0.111423977453424,0.0816025196724156,0.142011711834056
"4","Labour Party",0.2513,0.254276780582535,0.190321365662782,0.311153155464602
"5","Mana",0.0142,0.00126927253415141,2.46537084609593e-05,0.0234653695622154
"6","Maori Party",0.0132,0.014345580583772,0.00628469616135899,0.0315274458626738
"7","National Party",0.4704,0.483181887541077,0.374659214988291,0.566186491223427
"8","New Zealand First Party",0.0866,0.0591932276826301,0.0155555027085774,0.194494220191965
"9","United Future",0.0022,0.00282772798649671,0.000121351955478211,0.0752610983005254
