"","Party","2014 Percent","median","lowr","upr"
"1","ACT",0.0069,0.00156100748137577,0.000169690665324455,0.00831701213574907
"2","Conservative Party",0.0399,0.000704660545573192,5.33007870724177e-06,0.0283308864963891
"3","Green Party",0.107,0.10361351144986,0.0705659453022921,0.135557311155415
"4","Labour Party",0.2513,0.220745840201524,0.153901051651481,0.281485592838192
"5","Mana",0.0142,0.0003755990011646,3.48633068986375e-06,0.0121132798224693
"6","Maori Party",0.0132,0.013009635405904,0.00503888853208031,0.0332194570391912
"7","National Party",0.4704,0.487028152400805,0.349974834599481,0.590830793740886
"8","New Zealand First Party",0.0866,0.115008447567062,0.0318967764629986,0.325898584347591
"9","United Future",0.0022,0.0031280698132123,0.000161116522153342,0.0797756237207736
