Party,Muu,SDev
Green Party,-0.05019408,0.003114151
Labour Party,-0.043820122,0.006102047
Mana,-0.026810707,0.0047752
Maori Party,0.006897283,0.004860315
