Party,ACT,Conservative Party,Green Party,Labour Party,Mana,Maori Party,National Party,New Zealand First Party,United Future
ACT,8.44E-01,-7.70E-01,-0.145140696,0.05162442,-4.15E-01,7.01E-02,-0.018754447,-5.59E-02,3.79E-01
Conservative Party,-7.70E-01,2.570012385,1.21E-01,-0.014665158,5.14E-01,-2.99E-01,-0.07348242,4.46E-01,-1.46E-01
Green Party,-0.145140696,1.21E-01,0.140291435,-0.045417988,1.21E-01,-0.050667984,0.008732355,2.76E-02,-1.86E-01
Labour Party,0.05162442,-0.014665158,-0.045417988,0.02701129,-0.057360234,2.12E-03,-0.012913127,2.12E-03,0.102247412
Mana,-4.15E-01,5.14E-01,1.21E-01,-0.057360234,1.27E+00,-1.78E-01,-1.76E-02,2.02E-01,-2.40E-01
Maori Party,7.01E-02,-2.99E-01,-0.050667984,2.12E-03,-1.78E-01,6.26E-01,3.17E-02,-1.38E-01,6.97E-03
National Party,-0.018754447,-0.07348242,0.008732355,-0.012913127,-1.76E-02,3.17E-02,0.014692107,-3.12E-02,-0.078739672
New Zealand First Party,-5.59E-02,0.446269703,2.76E-02,2.12E-03,2.02E-01,-1.38E-01,-0.031197388,1.93E-01,1.27E-01
United Future,3.79E-01,-1.46E-01,-1.86E-01,0.102247412,-2.40E-01,6.97E-03,-0.078739672,1.27E-01,1.61E+00
