Party,DE,DEsd
ACT,2.995107043,0.153869157
Conservative,3.764636856,0.504632233
Green,2.591932589,0.146039858
Labour,2.08577913,0.046846345
Mana,3.030933509,0.373709506
Maori,2.345565914,0.095337191
National,2.708111839,0.13416687
NZ First,4.214747908,0.333305227
United Future,5.241313578,0.192993881
