Party,ACT,Conservative Party,Green Party,Labour Party,Mana,Maori Party,National Party,New Zealand First Party,United Future
ACT,0.000171302,-3.81E-06,-1.69E-06,9.13E-05,-1.08E-05,-1.08E-05,-0.000234604,-5.98E-05,4.90E-06
Conservative Party,-3.81E-06,0.000102155,5.80E-05,-0.000153847,1.90E-05,-3.57E-06,-8.23854E-05,6.39859E-05,1.27E-06
Green Party,-1.69E-06,5.80E-05,0.000586642,-0.000196546,7.16E-05,-6.65E-05,-0.000588639,8.96493E-05,3.14E-05
Labour Party,9.13E-05,-0.000153847,-0.000196546,0.001085888,-0.000105675,3.13E-05,-0.000574155,-0.000272592,2.85E-05
Mana,-1.08E-05,1.90E-05,7.16E-05,-0.000105675,5.61E-05,-1.54E-05,-4.21E-05,2.62936E-05,5.29E-06
Maori Party,-1.08E-05,-3.57E-06,-6.65E-05,3.13E-05,-1.54E-05,5.33E-05,9.74E-05,-5.43E-05,2.98E-06
National Party,-0.000234604,-8.23854E-05,-0.000588639,-0.000574155,-4.21E-05,9.74E-05,0.001849125,-0.000175561,-3.77E-05
New Zealand First Party,-5.98E-05,6.39859E-05,8.96493E-05,-0.000272592,2.62936E-05,-5.43E-05,-0.000175561,0.000371005,-4.24E-05
United Future,4.90E-06,1.27E-06,3.14E-05,2.85E-05,5.29E-06,2.98E-06,-3.77E-05,-4.24E-05,2.00E-05
