Days Before,ACT,Conservative,Green,Labour,Mana,Maori,National,New Zealand First,United Future
60,0.001029394,0.017125946,0.116113287,0.253294533,0.018073277,0.00907185,0.543041109,0.036096986,0.001156863
30,0.002398883,0.024211282,0.110026241,0.263611519,0.026143679,0.009448903,0.51284167,0.04652552,0.000563757
15,0.003251531,0.031854658,0.119937148,0.250770144,0.022533352,0.006786285,0.504500362,0.054976772,0.000923506
7,0.005607586,0.036790047,0.125917408,0.243567963,0.018935479,0.008903289,0.494380127,0.061547736,0.000927772
0,0.004199902,0.040434276,0.122266358,0.250440392,0.015233505,0.010985856,0.481345508,0.070138233,0.000426306
Actual,0.0069,0.0397,0.107,0.2513,0.014,0.0132,0.4704,0.0866,0.0022
Pred N Er,0.000720581,-0.009667085,0.004558626,-0.004114341,-0.001676475,-0.001341369,0.032032686,-0.015231101,-0.004664079
Adj Pred,0.003479321,0.050101361,0.117707732,0.254554733,0.01690998,0.012327225,0.449312822,0.085369334,0.005090385
