"","Party","2014 Percent","median","lowr","upr"
"1","ACT",0.0069,0.00130587647333947,5.32060158346508e-05,0.00706513870019149
"2","Conservative Party",0.0399,0.00175043156379528,1.87504126888018e-05,0.0437754404510638
"3","Green Party",0.107,0.114612303897341,0.086149172940689,0.146478975130467
"4","Labour Party",0.2513,0.25018737129348,0.194928835171455,0.305565993002026
"5","Mana",0.0142,0.00142534103366436,3.31830914736554e-05,0.0286161022461131
"6","Maori Party",0.0132,0.0124317089767791,0.00519703845817115,0.0283777722074345
"7","National Party",0.4704,0.49105082345877,0.399977593421523,0.578504333385717
"8","New Zealand First Party",0.0866,0.0698026476271705,0.0198483523348748,0.208117237109591
"9","United Future",0.0022,0.00169767921827289,0.000144790350230973,0.021266099875938
