Party,ACT,Conservative Party,Green Party,Labour Party,Mana,Maori Party,National Party,New Zealand First Party,United Future
ACT,2.34E-06,1.23E-06,-5.11E-05,0.000101403,-4.93E-06,-1.09E-05,-0.000255276,-6.02E-05,-3.06E-06
Conservative Party,1.23E-06,5.50E-06,5.17E-05,-3.99E-05,6.85E-06,-2.36E-08,-6.26E-05,2.13E-05,-1.58E-06
Green Party,-5.11E-05,5.17E-05,5.94E-06,-0.000378888,4.62E-05,-6.99E-05,-0.000361859,0.000234853,-1.01E-05
Labour Party,0.000101403,-3.99E-05,-0.000378888,0.000114843,-3.08E-05,4.14E-05,-0.000249194,-0.000232858,2.83E-06
Mana,-4.93E-06,6.85E-06,4.62E-05,-3.08E-05,5.50E-06,-6.45E-06,-3.24E-05,1.17E-05,5.38E-08
Maori Party,-1.09E-05,-2.36E-08,-6.99E-05,4.14E-05,-6.45E-06,3.04E-06,0.000123009,-8.76E-05,8.75E-06
National Party,-0.000255276,-6.26E-05,-0.000361859,-0.000249194,-3.24E-05,0.000123009,7.88E-05,-0.000378918,3.57E-05
New Zealand First Party,-6.02E-05,2.13E-05,0.000234853,-0.000232858,1.17E-05,-8.76E-05,-0.000378918,2.56E-05,-3.44E-05
United Future,-3.06E-06,-1.58E-06,-1.01E-05,2.83E-06,5.38E-08,8.75E-06,3.57E-05,-3.44E-05,5.17E-07
