Party,DE,DEsd
ACT,2.234173274,0.17801375
Conservative Party,2.591204343,0.536103783
Green Party,2.653487434,0.151146334
Labour Party,2.034219102,0.053521935
Mana,1.622400212,0.327092155
Maori Party,2.367346718,0.129396202
National Party,2.370837481,0.05609698
New Zealand First Party,4.091845079,0.485669357
United Future,4.861517091,1.140552632
