Party,Green Party,Labour Party,Mana,Maori Party
Green Party,0.00121852,-0.002110722,0.001137491,0.000172877
Labour Party,-0.002110722,0.003518342,-0.000381463,-0.000971219
Mana,0.001137491,-0.000381463,0.001276135,3.73893E-05
Maori Party,0.000172877,-0.000971219,3.73893E-05,0.004401187
