Party,Muu,SDev
Green Party,-0.031291295,0.005817884
Labour Party,-0.055185894,0.002965781
Mana,-0.032237315,0.005953839
Maori Party,0.008857877,0.003317072
