Party,ACT,Conservative Party,Green Party,Labour Party,Mana,Maori Party,National Party,New Zealand First Party,United Future
ACT,1.37696E-05,-1.3131E-06,3.70319E-05,-0.00025659,-1.97317E-05,7.71383E-05,2.05798E-05,4.40754E-05,8.58442E-06
Conservative Party,-1.3131E-06,1.53952E-06,7.59865E-06,-1.10577E-05,-4.80598E-06,-4.07449E-06,1.43477E-05,-5.08731E-07,1.58033E-07
Green Party,3.70319E-05,7.59865E-06,0.002148255,-0.003229436,-0.001211641,-0.001653058,0.000184437,0.001641795,0.000216784
Labour Party,-0.00025659,-1.10577E-05,-0.003229436,0.01006248,-0.003943857,0.000355058,-0.00045221,-0.002647147,-0.000391795
Mana,-1.97317E-05,-4.80598E-06,-0.001211641,-0.003943857,0.012583275,-0.004880295,-0.001149206,-0.000719376,-2.47734E-05
Maori Party,7.71383E-05,-4.07449E-06,-0.001653058,0.000355058,-0.004880295,0.004607938,8.13152E-05,-0.001351967,-0.000179188
National Party,2.05798E-05,1.43477E-05,0.000184437,-0.00045221,-0.001149206,8.13152E-05,0.000181715,0.000129829,2.21205E-05
New Zealand First Party,4.40754E-05,-5.08731E-07,0.001641795,-0.002647147,-0.000719376,-0.001351967,0.000129829,0.001383849,0.00017965
United Future,8.58442E-06,1.58033E-07,0.000216784,-0.000391795,-2.47734E-05,-0.000179188,2.21205E-05,0.00017965,2.76134E-05
