Party,Muu Nat Error,Muu SD
ACT,0.000290897,0.001529734
Conservative Party,-0.001951292,0.002346003
Green Party,0.001840309,0.002438038
Labour Party,-0.007146097,0.010716495
Mana,-0.000338395,0.002346003
Maori Party,-0.000541508,0.001743275
National Party,0.028947389,0.008876112
New Zealand First Party,-0.006148768,0.005062172
United Future,-0.00188288,0.000719363
