Party,Year,Total Vote,T Chng
ACT,2014,0.003479321,-0.007220679
Alliance,2014,0,-0.0005
Conservative Party,2014,0.050101361,0.023601361
Green Party,2014,0.117707732,0.007107732
Labour Party,2014,0.254554733,-0.020245267
Mana,2014,0.01690998,0.00610998
Maori Party,2014,0.012327225,-0.001972775
National Party,2014,0.449312822,-0.023787178
New Zealand First Party,2014,0.085369334,0.019469334
United Future,2014,0.005090385,-0.000909615
