"","Party","2014 Percent","median","lowr","upr"
"1","ACT",0.0069,0.00336519882428296,0.000895810359928645,0.0107868354645345
"2","Conservative Party",0.0399,0.00156612758245657,0.000148236693674084,0.0124422733583955
"3","Green Party",0.107,0.110142093208142,0.0926236614901952,0.126495102315608
"4","Labour Party",0.2513,0.315867415980914,0.271117624279139,0.363045993035136
"5","Mana",0.0142,0.00138097452972197,0.0001138937180599,0.0105635899475077
"6","Maori Party",0.0132,0.0147151360528652,0.00788762852270778,0.0243462457554084
"7","National Party",0.4704,0.415607139112385,0.36238397842701,0.468953914314638
"8","New Zealand First Party",0.0866,0.100361427971467,0.049474513958597,0.186141809772585
"9","United Future",0.0022,0.00266730681031724,0.000407668742288972,0.012907914019213
