Party,ACT,Conservative Party,Green Party,Labour Party,Mana,Maori Party,National Party,New Zealand First Party,United Future
ACT,9.48E-01,7.88E-02,-0.105324025,-0.005889586,-3.49E-01,1.13E-01,-0.099745053,-2.03E-01,3.26E-01
Conservative Party,7.88E-02,0.336843665,-1.67E-02,-0.10096617,4.03E-02,4.52E-02,0.058299257,2.04E-01,-5.84E-02
Green Party,-0.105324025,-1.67E-02,0.243104902,-0.061642679,1.71E-02,-9.87E-02,0.048903525,-3.39E-02,-6.34E-02
Labour Party,-0.005889586,-0.10096617,-0.061642679,0.195960636,0.123094467,9.04E-02,-0.115721517,-1.44E-01,0.059683372
Mana,-3.49E-01,4.03E-02,1.71E-02,0.123094467,3.80E-01,1.70E-01,-6.93E-02,2.17E-02,3.68E-02
Maori Party,1.13E-01,4.52E-02,-9.87E-02,9.04E-02,1.70E-01,2.60E-01,-5.42E-02,-9.51E-03,9.46E-02
National Party,-0.099745053,0.058299257,0.048903525,-0.115721517,-6.93E-02,-5.42E-02,0.165655891,7.68E-02,-0.185349848
New Zealand First Party,-2.03E-01,0.20440654,-3.39E-02,-1.44E-01,2.17E-02,-9.51E-03,7.68E-02,6.19E-01,7.15E-02
United Future,3.26E-01,-5.84E-02,-6.34E-02,0.059683372,3.68E-02,9.46E-02,-0.185349848,7.15E-02,1.18E+00
