"","Party","2014 Percent","median","lowr","upr"
"1","ACT",0.0069,0.00238571939494842,0.000584058031883351,0.00715221275483339
"2","Conservative Party",0.0399,0.000841752708941838,6.40418069004926e-05,0.00914767205992431
"3","Green Party",0.107,0.110663329852543,0.0903498440067219,0.131928409575385
"4","Labour Party",0.2513,0.309167326503785,0.264249802607057,0.356958660733445
"5","Mana",0.0142,0.00161162788392705,0.000131902867570294,0.0132962437823737
"6","Maori Party",0.0132,0.016201075239493,0.00865020259315366,0.0282183291193672
"7","National Party",0.4704,0.430241925753836,0.37338061963465,0.482734143590997
"8","New Zealand First Party",0.0866,0.0828639229336984,0.0397002356212371,0.166552019456171
"9","United Future",0.0022,0.00699613888025756,0.00126388572592735,0.0370971819348804
