"","Party","2014 Percent","median","lowr","upr"
"1","ACT",0.0069,0.00266086440678995,0.000307701424409336,0.0151336279418684
"2","Conservative Party",0.0399,0.00217702490384849,7.43564306150202e-06,0.0836827142329367
"3","Green Party",0.107,0.104561938238935,0.066585654562525,0.137846880951186
"4","Labour Party",0.2513,0.213861089049594,0.138676506990335,0.280388552700314
"5","Mana",0.0142,0.000674699551148499,2.98159445870062e-06,0.0274183062792152
"6","Maori Party",0.0132,0.0148157241189814,0.00466177745532143,0.113292846083679
"7","National Party",0.4704,0.493755244412243,0.32190023054482,0.609829259684104
"8","New Zealand First Party",0.0866,0.0744264390097228,0.0161031852188592,0.249736313296497
"9","United Future",0.0022,0.00248091533070078,7.09936144747512e-05,0.134023429800101
