"","Party","2014 Percent","median","lowr","upr"
"1","ACT",0.0069,0.00211908459136962,0.00046116858832483,0.00701175135972494
"2","Conservative Party",0.0399,0.00113011000316471,6.59240634858212e-05,0.0107674488291207
"3","Green Party",0.107,0.109304248571724,0.0880907878813885,0.131946361069606
"4","Labour Party",0.2513,0.29889728970895,0.248784261863219,0.35307370646278
"5","Mana",0.0142,0.00189799657872769,0.000131844721226263,0.0168656399766606
"6","Maori Party",0.0132,0.0124578217676166,0.00623487616688993,0.0222162170346279
"7","National Party",0.4704,0.441408964149195,0.376171905795935,0.500130944037562
"8","New Zealand First Party",0.0866,0.0764544598795159,0.0345464800510721,0.15760522665826
"9","United Future",0.0022,0.0125655796237649,0.00159113938969911,0.0921999599518043
