"","Party","2014 Percent","median","lowr","upr"
"1","ACT",0.0069,0.00188110459946969,0.000297277373521361,0.00798323727929676
"2","Conservative Party",0.0399,0.00200481336666856,3.51695880596194e-05,0.0356606073048816
"3","Green Party",0.107,0.112148032263719,0.0882329499768683,0.139770101280615
"4","Labour Party",0.2513,0.25698340566938,0.209937475567388,0.305858145378251
"5","Mana",0.0142,0.00118399890309074,2.16912827595035e-05,0.0211132743814832
"6","Maori Party",0.0132,0.0168249946189781,0.00749376624501853,0.0364544691008463
"7","National Party",0.4704,0.502213881441843,0.430208625635153,0.574741670520499
"8","New Zealand First Party",0.0866,0.0556538733702128,0.0182527723807079,0.150239949720117
"9","United Future",0.0022,0.00130594424529978,0.000136986552479068,0.0125885727528606
