"","Party","2014 Percent","median","lowr","upr"
"1","ACT",0.0069,0.00286660190872418,0.000830283358263698,0.00778414421015444
"2","Conservative Party",0.0399,0.000796635424219901,8.50238576524697e-05,0.00575918459922307
"3","Green Party",0.107,0.105412282013083,0.0861115090892679,0.125339893402795
"4","Labour Party",0.2513,0.304558280726157,0.265845609209322,0.344998459880558
"5","Mana",0.0142,0.00206439890190733,0.000267224115875568,0.011753856632353
"6","Maori Party",0.0132,0.0125024094969328,0.00697259746430977,0.0201248972687339
"7","National Party",0.4704,0.430012378248406,0.381461969726504,0.47723750774888
"8","New Zealand First Party",0.0866,0.118331080823877,0.0646831587498976,0.199344070146342
"9","United Future",0.0022,0.000941132102476134,0.000101320149339508,0.00590544072288926
