"","Party","2014 Percent","median","lowr","upr"
"1","ACT",0.0069,0.00352422949370963,0.00111417660542397,0.00923897987708664
"2","Conservative Party",0.0399,0.000846619456325953,9.62822369685839e-05,0.00524560073296388
"3","Green Party",0.107,0.10568169169104,0.0872380612734811,0.125283853677915
"4","Labour Party",0.2513,0.287091800559742,0.250288020701516,0.324075797464925
"5","Mana",0.0142,0.00160057867028244,0.000240106101845107,0.00912065244614136
"6","Maori Party",0.0132,0.0100773161257014,0.00217370617461009,0.0168793838484323
"7","National Party",0.4704,0.44199927051734,0.395609758998976,0.486057409273093
"8","New Zealand First Party",0.0866,0.127001268624436,0.0731329343795257,0.200795913917018
"9","United Future",0.0022,0.00200807564764511,0.000336281255577124,0.00831889854343986
