"","Party","2014 Percent","median","lowr","upr"
"1","ACT",0.0069,0.00145658345963824,0.000103600733304962,0.00665060345903803
"2","Conservative Party",0.0399,0.00072952025554085,1.17121873969871e-07,0.0590596140019354
"3","Green Party",0.107,0.0908157868825891,0.0478093082665342,0.125788295353416
"4","Labour Party",0.2513,0.234521771919062,0.118610048360933,0.313409033181798
"5","Mana",0.0142,0.000665619675828184,3.0563338391375e-06,0.0315562569546287
"6","Maori Party",0.0132,0.015065403226016,0.00388730791541679,0.129296279375402
"7","National Party",0.4704,0.425103573484458,0.226472812961135,0.547081515807553
"8","New Zealand First Party",0.0866,0.128919006566239,0.0195615771172799,0.490847690639582
"9","United Future",0.0022,0.000521158846844014,2.33723176563645e-05,0.00888655245821805
