"","Party","2014 Percent","median","lowr","upr"
"1","ACT",0.0069,0.00256653334470446,0.00052619250248891,0.0103772932316495
"2","Conservative Party",0.0399,0.00103483247849482,3.16338942269458e-05,0.0172797915681599
"3","Green Party",0.107,0.108963898460785,0.0845585919534666,0.133676686894255
"4","Labour Party",0.2513,0.263870961045676,0.212115291288634,0.313709066617964
"5","Mana",0.0142,0.00354822676958952,0.000172708417729233,0.0389046268826319
"6","Maori Party",0.0132,0.0133516449679908,0.0067476703459174,0.0263703188951789
"7","National Party",0.4704,0.453592951253057,0.375852261986352,0.517153242462802
"8","New Zealand First Party",0.0866,0.0993120857737885,0.0403192136691589,0.228494416897903
"9","United Future",0.0022,0.00811311797708206,0.000960454003572312,0.0587001405807414
