"","Party","2014 Percent","median","lowr","upr"
"1","ACT",0.0069,0.00389994029898771,0.00127890069926094,0.00972107908202923
"2","Conservative Party",0.0399,0.000885100083836758,9.87232678318775e-05,0.00519560856326224
"3","Green Party",0.107,0.107898678225401,0.0902541890207772,0.12676030900426
"4","Labour Party",0.2513,0.278756847508759,0.241375000572019,0.313856664218924
"5","Mana",0.0142,0.00230335165020655,0.000463738876428122,0.0111170486956085
"6","Maori Party",0.0132,0.0114799850469573,0.00578782072943037,0.0178710996379844
"7","National Party",0.4704,0.455303137333281,0.413762675570996,0.497624329280294
"8","New Zealand First Party",0.0866,0.115624525459185,0.0715592260003676,0.177734693992248
"9","United Future",0.0022,0.0014015990959217,0.000284864707471427,0.00529085761726041
