Party,ACT,Conservative Party,Green Party,Labour Party,Mana,Maori Party,National Party,New Zealand First Party,United Future
ACT,6.98659E-05,-3.73297E-05,-0.000105753,0.00019076,-2.82065E-05,1.25247E-05,-0.000139585,-8.07E-06,2.23392E-05
Conservative Party,-3.73297E-05,0.000186724,9.25892E-05,-0.000137993,4.75407E-05,-2.08584E-05,-0.000264049,1.58E-04,-4.18457E-06
Green Party,-0.000105753,9.25892E-05,0.000913911,-0.001198142,7.09638E-05,-0.000103556,0.00020715,9.25E-05,-8.46313E-05
Labour Party,0.00019076,-0.000137993,-0.001198142,0.003003841,-0.00013811,7.16335E-05,-0.002025052,6.98E-05,0.000220598
Mana,-2.82065E-05,4.75407E-05,7.09638E-05,-0.00013811,6.82181E-05,-2.05E-05,-5.81942E-05,6.52E-05,-3.6966E-06
Maori Party,1.25247E-05,-2.08584E-05,-0.000103556,7.16335E-05,-2.05E-05,6.88051E-05,9.35005E-05,-6.16E-05,-7.27043E-07
National Party,-0.000139585,-0.000264049,0.00020715,-0.002025052,-5.81942E-05,9.35005E-05,0.002993405,-5.91E-04,-0.000237767
New Zealand First Party,-8.07438E-06,0.000158201,9.2514E-05,6.98314E-05,6.51651E-05,-6.15537E-05,-0.000591304,3.08E-04,3.81226E-05
United Future,2.23392E-05,-4.18457E-06,-8.46313E-05,0.000220598,-3.6966E-06,-7.27043E-07,-0.000237767,3.81226E-05,4.38993E-05
