Party,DE,DEsd
Green Party,3,0.306128074
Labour Party,3,0.306128074
Mana,3,0.306128074
Maori Party,3,0.306128074
