Party,ACT,Conservative Party,Green Party,Labour Party,Mana,Maori Party,National Party,New Zealand First Party,United Future
ACT,1.43E-05,2.32E-06,2.91E-05,0.000194415,-7.77E-06,-5.75E-05,-4.90E-05,6.75E-05,2.21E-05
Conservative Party,2.32E-06,8.47E-06,6.02E-05,8.21E-05,-4.57E-05,-1.48E-04,-4.18E-05,8.45E-05,1.30E-06
Green Party,2.91E-05,6.02E-05,0.001380804,-0.000257753,-0.001054363,-0.002869525,0.00036337,0.000931462,9.67088E-05
Labour Party,0.000194415,8.21E-05,-0.000257753,0.007321096,-0.001753803,-0.001238573,-0.001758229,0.000594265,0.000344086
Mana,-7.77E-06,-4.57E-05,-0.001054363,-0.001753803,0.002787284,0.000840457,-0.000300325,-0.000643887,-8.71E-06
Maori Party,-5.75E-05,-1.48E-04,-0.002869525,-0.001238573,0.000840457,0.010603496,-9.24E-04,-0.001905857,-3.26442E-05
National Party,-4.90E-05,-4.18E-05,0.00036337,-0.001758229,-0.000300325,-9.24E-04,0.001334202,-0.000366485,-1.12E-04
New Zealand First Party,6.75E-05,8.45E-05,0.000931462,0.000594265,-0.000643887,-0.001905857,-0.000366485,0.001525631,0.000169105
United Future,2.21E-05,1.30E-06,9.67088E-05,0.000344086,-8.71E-06,-3.26442E-05,-1.12E-04,0.000169105,6.24E-05
