Party,Muu,SD
ACT,0.98967985,0.03102376
Conservative Party,1.000555671,0.047484466
Green Party,1.020420556,0.008695081
Labour Party,0.993670833,0.01896093
Mana,0.990091644,0.047484466
Maori Party,0.992161687,0.020730237
National Party,1.044110751,0.013496565
New Zealand First Party,0.935821261,0.044409916
United Future,0.904127966,0.050800201
