"","Party","2014 Percent","median","lowr","upr"
"1","ACT",0.0069,0.00207226838885972,0.000421083411905139,0.00838749106221949
"2","Conservative Party",0.0399,0.00210557657986121,9.32777058439935e-05,0.0233992462774975
"3","Green Party",0.107,0.114805983048936,0.092062937986749,0.139594073552288
"4","Labour Party",0.2513,0.289106024784342,0.242573356321726,0.339439072491276
"5","Mana",0.0142,0.00240602268940323,0.00012581589139309,0.0238927351325888
"6","Maori Party",0.0132,0.0152058684435115,0.00786876361413299,0.0282915897631133
"7","National Party",0.4704,0.444321546013373,0.381077859331347,0.502814412704116
"8","New Zealand First Party",0.0866,0.0763090942497052,0.0311451575534684,0.166178346443201
"9","United Future",0.0022,0.00566444625870707,0.000767458490991999,0.0446593446303123
